<?xml version='1.0' encoding='utf-8'?>
<!DOCTYPE hibernate-configuration PUBLIC
        "-//Hibernate/Hibernate Configuration DTD 3.0//EN"
        "http://hibernate.sourceforge.net/hibernate-configuration-3.0.dtd">

<hibernate-configuration>
	<session-factory>
		<property name="connection.driver_class">com.mysql.jdbc.Driver</property>
		<property name="connection.url">jdbc:mysql://localhost:3306/supermarket_db</property>
		<property name="connection.username">root</property>
		<property name="connection.password">1qaz2wsx@</property>
		 <property name="hibernate.current_session_context_class">org.hibernate.context.internal.ThreadLocalSessionContext</property> 
		<property name="dialect">org.hibernate.dialect.MySQL5InnoDBDialect</property>
		
		<property name="hibernate.search.default.directory_provider">org.hibernate.search.store.impl.FSDirectoryProvider</property>
        <property name="hibernate.search.default.indexBase">C:\workspace\SuperMarket\indexes</property>
        <property name="hibernate.search.default.exclusive_index_use">false</property>
        <property name="hibernate.search.indexing_strategy">manual</property>

		<!-- Echo all executed SQL to stdout -->
		<property name="show_sql">true</property>
		<property name="format_sql">true</property>
		<property name="hbm2ddl.auto">update</property>
		<mapping class="com.rigor.entity.Supplier" />
		<mapping class="com.rigor.entity.Product" />
		<mapping class="com.rigor.entity.InvoiceItem" />
		<mapping class="com.rigor.entity.Grn" />

	</session-factory>
</hibernate-configuration>